train_loss,valid_loss
10.629370716942681,10.612079029083253
10.609184430440267,10.606796989440918
10.606664837731255,10.60700309753418
