{
    "mu_X": [
        1.0004581212997437,
        2.0301380157470703,
        3.031029224395752,
        1.9392704963684082,
        1.00007963180542,
        2.068875789642334,
        2.0126535892486572,
        4.067707061767578,
        1.956504464149475,
        1.9770030975341797,
        2.995781183242798,
        3.8526883125305176,
        8.082633972167969,
        4.107357501983643,
        3.1070163249969482,
        1.9695289134979248,
        1.971903681755066,
        4.031692981719971,
        2.052281379699707,
        1.9525609016418457,
        0.9991371035575867,
        1.988569974899292,
        2.9997715950012207,
        2.070286273956299,
        1.0002145767211914,
        0.9993717074394226,
        2.0306715965270996,
        3.031959295272827,
        1.9389076232910156,
        1.0001540184020996,
        2.06815242767334,
        2.011558771133423,
        4.0681328773498535,
        1.9554975032806396,
        1.977554440498352,
        2.997400999069214,
        3.8523077964782715,
        8.081646919250488,
        4.106539726257324,
        3.106297492980957,
        1.9706165790557861,
        1.9713456630706787,
        4.032279014587402,
        2.051288604736328,
        1.9517090320587158,
        1.0007109642028809,
        1.9882482290267944,
        3.000000476837158,
        2.0704383850097656,
        0.9989736080169678
    ],
    "mu_Y": [
        0.0409836545586586,
        -0.05598124489188194,
        -0.001479986822232604,
        -0.02663334272801876,
        0.026424359530210495,
        0.09464807063341141,
        0.02926051616668701,
        0.05452573299407959
    ],
    "sigma_X": [
        0.09964519739151001,
        1.4107210636138916,
        2.4968361854553223,
        1.4186512231826782,
        0.0997115969657898,
        1.4211223125457764,
        1.4047703742980957,
        3.519340991973877,
        1.4152352809906006,
        1.4064390659332275,
        2.410367250442505,
        3.272077798843384,
        7.4342360496521,
        3.5170342922210693,
        2.482724189758301,
        1.4072104692459106,
        1.4254733324050903,
        3.5408432483673096,
        1.4073461294174194,
        1.411067008972168,
        0.0998472198843956,
        1.4145747423171997,
        2.4873178005218506,
        1.41361403465271,
        0.09989260137081146,
        0.10028205066919327,
        1.410315752029419,
        2.4970664978027344,
        1.4195480346679688,
        0.10011736303567886,
        1.419772744178772,
        1.4045555591583252,
        3.520077705383301,
        1.41548490524292,
        1.4058986902236938,
        2.408682346343994,
        3.272127389907837,
        7.428287029266357,
        3.516087293624878,
        2.482858419418335,
        1.4066979885101318,
        1.4252865314483643,
        3.5407989025115967,
        1.4079374074935913,
        1.4110732078552246,
        0.09970540553331375,
        1.4139230251312256,
        2.4871623516082764,
        1.4131706953048706,
        0.10020770877599716
    ],
    "sigma_Y": [
        10.60653305053711,
        10.606420516967773,
        10.606590270996094,
        10.606562614440918,
        10.606536865234375,
        10.606155395507812,
        10.606545448303223,
        10.60641860961914
    ]
}