{
    "mu_X": [
        1.0007089376449585,
        2.0185585021972656,
        2.85575532913208,
        2.0182852745056152,
        0.9992504715919495,
        1.9924172163009644,
        2.075214385986328,
        4.211669921875,
        1.9841691255569458,
        2.032546281814575,
        2.9637043476104736,
        4.065363883972168,
        8.4138765335083,
        4.152603626251221,
        2.873591184616089,
        2.0356099605560303,
        2.015231132507324,
        3.9254097938537598,
        1.9927914142608643,
        2.0317063331604004,
        1.0004059076309204,
        2.0394232273101807,
        2.9372992515563965,
        2.0448501110076904,
        1.0003644227981567,
        1.0004627704620361,
        2.0180346965789795,
        2.856208086013794,
        2.0183427333831787,
        0.9994089007377625,
        1.9916239976882935,
        2.075814723968506,
        4.211575508117676,
        1.9831585884094238,
        2.0309603214263916,
        2.9654946327209473,
        4.0670928955078125,
        8.412896156311035,
        4.1529221534729,
        2.8739514350891113,
        2.0358664989471436,
        2.0155422687530518,
        3.9257609844207764,
        1.9929115772247314,
        2.0319364070892334,
        1.0000861883163452,
        2.039874315261841,
        2.937105894088745,
        2.044445276260376,
        0.9993570446968079
    ],
    "mu_Y": [
        0.07298696041107178,
        0.028286701068282127,
        -0.00017480783571954817,
        -0.0001397549785906449,
        -0.02613423392176628,
        -0.05391845852136612,
        0.03329223394393921,
        -0.11912963539361954
    ],
    "sigma_X": [
        0.10008641332387924,
        1.4167098999023438,
        2.393160104751587,
        1.4190621376037598,
        0.0997200682759285,
        1.3979321718215942,
        1.4124414920806885,
        3.6310007572174072,
        1.410515308380127,
        1.4055135250091553,
        2.4517219066619873,
        3.4782354831695557,
        7.982156753540039,
        3.4485557079315186,
        2.384835720062256,
        1.406893253326416,
        1.4139279127120972,
        3.447357416152954,
        1.4195460081100464,
        1.4084469079971313,
        0.09966755658388138,
        1.4112647771835327,
        2.3834588527679443,
        1.4090511798858643,
        0.10053712129592896,
        0.09993357211351395,
        1.4174302816390991,
        2.3945915699005127,
        1.4191046953201294,
        0.09953826665878296,
        1.3973370790481567,
        1.412495732307434,
        3.6315042972564697,
        1.4111948013305664,
        1.4042190313339233,
        2.4514737129211426,
        3.4767515659332275,
        7.978362083435059,
        3.4495198726654053,
        2.3845701217651367,
        1.406379222869873,
        1.4139195680618286,
        3.4472098350524902,
        1.4197869300842285,
        1.4089189767837524,
        0.10080790519714355,
        1.4110990762710571,
        2.383817434310913,
        1.4082045555114746,
        0.09958183765411377
    ],
    "sigma_Y": [
        10.606348037719727,
        10.606557846069336,
        10.606596946716309,
        10.606547355651855,
        10.606536865234375,
        10.606436729431152,
        10.606520652770996,
        10.605908393859863
    ]
}