train_loss,valid_loss
10.629940734439426,10.608088130950927
10.608245779673258,10.606710777282714
10.606726955837674,10.60699993133545
